{
    "rmse": 0.6648098844824389,
    "mae": 0.5292744819153491,
    "r2": 0.31477181006890886
}