{
    "rmse": 0.7088101899403615,
    "mae": 0.5449795863664446,
    "r2": 0.203145335916032
}